delete,rewrite,text,type,options,tag,auto_label,suggested_options,simulated_answers,grade
,,What is a food that should never be put on pizza?,multiple_choice,Pineapple|Anchovies|Olives,,MC (suggested),Pineapple|Anchovies|Olives,Pineapple | Pineapple | Anchovies | Pineapple | Pineapple | Olives | Pineapple,A
,,Name a pizza topping everyone argues about,multiple_choice,Pineapple|Anchovies|Olives,,MC (suggested),Pineapple|Anchovies|Olives,Pineapple | Pineapple | Anchovies | Pineapple | Pineapple | Olives | Pineapple,A
,,What is the most awkward social situation?,multiple_choice,Forgetting someone's name|Awkward silence|Running into an ex,,MC (suggested),Forgetting someone's name|Awkward silence|Running into an ex,Forgetting someone's name | Forgetting someone's name | Awkward silence | Forgetting someone's name | Forgetting someone's name | Running into an ex | Forgetting someone's name,A
,,What is the most overrated holiday?,multiple_choice,Valentine's Day|New Year's Eve|Valentine's,,MC-ternary (strong),Valentine's Day|New Year's Eve|Valentine's,Valentine's Day | New Year's Eve | Valentine's Day | Valentine's Day | New Year's Eve | Valentine's | Valentine's Day,A
,,What is the biggest lie everyone tells?,multiple_choice,I'm fine|I'm on my way|I read the terms and conditions,,MC (suggested),I'm fine|I'm on my way|I read the terms and conditions,I'm fine. | I'm fine. | I'm on my way. | I'm fine. | I'm fine. | I read the terms and conditions. | I'm fine.,A
,,What is something people need to stop bragging about?,multiple_choice,Money|How busy they are|Social media followers,,MC (suggested),Money|How busy they are|Social media followers,Money | How busy they are | Money | Social media followers | Money | Money | Money,A
,,What would be the worst thing to hear a doctor say?,multiple_choice,It's cancer|It's terminal|We made a mistake,,MC (suggested),It's cancer|It's terminal|We made a mistake,It's cancer. | It's cancer. | It's cancer. | It's terminal. | It's cancer. | We made a mistake. | It's cancer.,A
,,Is cereal a soup?,multiple_choice,Yes|No,,Open (no data),,,
,,What is the universal sign that a party is boring?,multiple_choice,Everyone on their phone|People looking at their phones|Awkward silence,,MC (suggested),Everyone on their phone|People looking at their phones|Awkward silence,Everyone on their phone | People looking at their phones | People looking at their phones | Awkward silence | Everyone on their phone | People leaving early | People on their phones,A
,,"If you could make one food zero calories, what would it be?",multiple_choice,Pizza|Chocolate|Ice cream,,MC (suggested),Pizza|Chocolate|Ice cream,Pizza | Pizza | Chocolate | Pizza | Pizza | Ice cream | Pizza,A
,,What is the best guilty pleasure TV show?,multiple_choice,The Bachelor|The Bachelorette|Real Housewives of Beverly Hills,,MC (suggested),The Bachelor|The Bachelorette|Real Housewives of Beverly Hills,The Bachelor | The Bachelorette | The Bachelor | Real Housewives of Beverly Hills | The Bachelor | Real Housewives of Atlanta | The Bachelor,A
,,What would you bring to a deserted island?,multiple_choice,Water filter|Knife|Lighter,,MC (suggested),Water filter|Knife|Lighter,Water filter | Knife | Water filter | Lighter | Water filter | Water filter | Water filter,A
,,Toilet paper: over or under?,multiple_choice,Over|Under,,MC-binary (strong),Over|Under,Over | Over | Over | Under | Over | Over | Under,A
,,Name something adults do that they tell kids not to,multiple_choice,Swearing|Swear|Interrupting,,MC (suggested),Swearing|Swear|Interrupting,Swearing | Swear | Interrupting | Swearing | Texting while driving | Swear | Swearing,A
,,"If you could ban one thing from existing, what would it be?",multiple_choice,Mosquitoes|War|Hate,,MC (suggested),Mosquitoes|War|Hate,Mosquitoes | Mosquitoes | Mosquitoes | War | Mosquitoes | Mosquitoes | Hate,A
,,What is the least attractive accent?,multiple_choice,Southern American|Bostonian|Southern drawl,,MC (suggested),Southern American|Bostonian|Southern drawl,Southern American | Bostonian | Southern drawl | Southern American | Minnesotan | Southern accent | Southern American,A
,,"If your pet could talk, what would they say about you?",multiple_choice,Feed Me Now!|More Belly Rubs!|Let's Go Outside!|You're My Favorite|Stop That Noise!,,Open (free-form),,"I'm hungry, feed me! | Give me more treats. | Are we eating yet? | You're always busy. | Why don't you play with me more? | Where's my dinner? | I want more food.",A
,,What do you pretend to understand but actually don't?,multiple_choice,The Stock Market|Fine Art|Cryptocurrency|Sports Rules|Wine Pairings,,Open (free-form),,The stock market | Investing strategies | Cryptocurrency | How the economy really works | Quantum physics | The nuances of international politics | How the housing market actually works,A
,,What would be the worst superpower?,multiple_choice,Read peoples thoughts�All of them|See through clothes�All of them|Super smell�All the smells,,MC (suggested),"Always feeling like you have to sneeze but can't|Ability to fly, but only 2 feet off the ground|Turning everything you touch into sand","Always feeling like you have to sneeze but can't | Ability to fly, but only 2 feet off the ground | Always feeling like you have to sneeze but can't | Always feeling like you have to sneeze but can't | Turning everything you touch into sand | Always smelling faintly of tuna | Always feeling like you have to sneeze but can't",B
,,Name something nobody looks cool doing,multiple_choice,Eating a banana|Running for the bus|Applying sunscreen,,MC (suggested),Eating a banana|Running for the bus|Applying sunscreen,Eating a banana | Running for the bus | Eating a banana | Applying sunscreen | Eating a banana | Struggling to open a jar | Eating a banana,B
,,What is the most overrated food?,multiple_choice,Avocado Toast|Sushi|Truffle Fries,,MC-ternary (strong),Avocado Toast|Sushi|Truffle Fries,Avocado Toast | Sushi | Avocado Toast | Sushi | Truffle Fries | Avocado Toast | Sushi,B
,,What is something you would never do for a million dollars?,multiple_choice,Harm an innocent person | Kill an animal | Betray my family | Eat human waste| Torture someone,,MC-ternary (strong),,Harm an innocent person | Kill an animal | Betray my family | Eat human waste | Kill a stranger | Torture someone | Hurt a child,B
,,What is the worst thing to step on barefoot?,multiple_choice,Lego|Glass shard|Dog poop,,MC (suggested),Lego|Glass shard|Dog poop,Lego | Lego | Glass shard | Dog poop | Lego | Thumbtack | Lego,B
,,What is the worst fashion trend of all time?,multiple_choice,Bell bottoms|Mullets|Crocs,,MC (suggested),Low-rise jeans|Mullets|Crocs,Low-rise jeans | Mullets | Crocs | Low rise jeans | Ugg boots | Low-rise jeans | Mullets,B
,,Name something people always say they'll do but never do,multiple_choice,Go to the gym|Stick to a diet|Clean the house,,MC (suggested),Go to the gym|Start a diet|Clean the house,Go to the gym | Start a diet | Go to the gym | Clean the house | Go to the gym | Save money | Go to the gym,B
,,What is the best thing about being home alone?,multiple_choice,Peace and quiet|Doing whatever I want|No judgment,,MC (suggested),Peace and quiet|Doing whatever I want|No judgment,Peace and quiet | Doing whatever I want | No judgment | Watching my own shows | Peace and quiet | Walking around naked | Peace and quiet,B
,,What would be the worst job in the world?,multiple_choice,Porta-potty cleaner|Sewer worker|Garbage collector,,MC-ternary (strong),Porta-potty cleaner|Sewer worker|Garbage collector,Porta-potty cleaner | Sewer worker | Porta-potty cleaner | Garbage collector | Porta-potty cleaner | Sewer worker | Porta-potty cleaner,B
,,What is a socially acceptable thing that is actually weird?,multiple_choice,"Saying ""bless you"" | Tipping culture | Talking to pets like humans |  Shaking hands when meeting someone",,Open (free-form),,"Saying ""bless you"" when someone sneezes | Saying ""bless you"" when someone sneezes | Tipping culture | Saying ""bless you"" to a stranger | Talking to pets like humans | Saying ""bless you"" | Shaking hands when meeting someone",B
,,What is the worst food combination people actually eat?,multiple_choice,Pineapple on pizza|Ketchup on eggs|Pickles and peanut butter,,MC (suggested),Pineapple on pizza|Ketchup on eggs|Pickles and peanut butter,Pineapple on pizza | Ketchup on eggs | Pineapple on pizza | Pickles and peanut butter | Pineapple on pizza | Mayonnaise and french fries (instead of ketchup) | Pineapple on pizza,B
,,What would be the worst theme for a party?,multiple_choice,Funeral|Tax Audit|Hospital,,MC (suggested),Funeral|Tax Audit|Hospital,Funeral | Tax Audit | Funeral | Hospital | Funeral | Funeral | Divorce Party,B
,,What is the most controversial condiment?,multiple_choice,Mayonnaise|Ranch|Mayo,,MC (suggested),Mayonnaise|Ranch|Mayo,Mayonnaise | Mayo | Ranch | Mayonnaise | A-1 sauce | Mayonnaise | Ranch,B
,,What is the most overrated fast food chain?,multiple_choice,McDonald's|Starbucks|Subway,,MC-ternary (strong),McDonald's|Starbucks|Subway,McDonald's | Starbucks | McDonald's | McDonald's | Subway | McDonald's | Starbucks,B
x,,What is the most bougie thing you do regularly?,multiple_choice,Fancy coffee|Organic groceries|Weekly yoga/pilates class,,MC-ternary (strong),Fancy coffee|Organic groceries|Weekly yoga/pilates class,Fancy coffee | Fancy coffee | Organic groceries | Fancy coffee | Organic groceries | Fancy coffee | Weekly yoga/pilates class,B
,,What small thing makes you unreasonably angry?,multiple_choice,Loud chewing|People who don't use turn signals|Not replacing the toilet paper roll,,MC (suggested),Loud chewing|People who don't use turn signals|Not replacing the toilet paper roll,Loud chewing | People who don't use turn signals | Not replacing the toilet paper roll | Loud chewing | People not using their turn signal | Leaving dishes in the sink | Loud chewing,B
,,What is the most ridiculous thing you believed as a kid?,multiple_choice,Swallowed Gum Stays|Quick Sand Everywhere|TV People Live Inside|Seeds Grow In Stomach|Adults Know Everything,,Open (free-form),,"That chewing gum stayed in your stomach for 7 years. | That quicksand was a major threat in everyday life. | That the ice cream truck only played music when it ran out of ice cream. | That the Tooth Fairy was actually real. | That chewing gum stayed in your stomach for seven years. | That if you swallowed a seed, a plant would grow inside you. | Gum staying in your stomach for 7 years.",B
,,What is the worst way to break up with someone?,multiple_choice,Ghosting|Via text message|Through a friend,,MC (suggested),Ghosting|Via text message|Through a friend,Ghosting | Via text message | Ghosting | Through a friend | Ghosting | On their birthday | Text message,B
,,What is the one food everyone thinks they make well but don't?,multiple_choice,Scrambled eggs|Mac and cheese|Grilled cheese,,MC (suggested),Scrambled eggs|Mac and cheese|Grilled cheese,Scrambled eggs | Mac and cheese | Scrambled eggs | Grilled cheese | Scrambled eggs | Pasta | Scrambled eggs,B
x,,What is the worst part of a wedding?,open,,,Open (free-form),,"Awkward small talk with distant relatives | Long, boring speeches | Awkward small talk | The open bar chaos later in the night | Long, boring speeches | Trying to make small talk | The cringe-worthy speeches",B
,,What fictional character would be the worst coworker?,multiple_choice,The Joker|Michael Scott|Michael Scott from The Office|Sheldon Cooper|Dolores Umbridge,,MC (suggested),The Joker|Michael Scott|Michael Scott from The Office,Michael Scott from The Office | Dolores Umbridge | The Joker | Michael Scott | The Joker | Dwight Schrute | Michael Scott,B
,,What would you never name your child?,multiple_choice,Karen|Adolf|Lucifer,,MC (suggested),Karen|Adolf|Lucifer,Adolf | Karen | Lucifer | Karen | Bertha | My ex's name | Karen,B
,,What word is impossible to say in an angry voice?,multiple_choice,Bubbles|Marshmallow|Giggles,,MC (suggested),Bubbles|Marshmallow|Giggles,Bubbles | Marshmallow | Bubbles | Giggles | Bubbles | Puppy | Bubbles,B
,,What everyday activity would be the funniest Olympic sport?,open,,,MC (suggested),Parallel parking|Assembling IKEA furniture|Grocery shopping (the race against the clock),Parallel parking | Assembling IKEA furniture | Parallel parking | Grocery shopping (the race against the clock) | Folding laundry | Parallel parking | Parallel parking,B
,,What is the weirdest thing that is considered normal?,multiple_choice,Small Talk|Paying To Live|Shaking Hands|Saying 'Bless You'|Staring At Screens,,Open (free-form),,Small talk | Social media obsession | Talking to pets | Small talk with strangers | Shaking hands as a greeting | Small talk | Being glued to your phone,B
,,Name a skill that is impressive but completely useless,multiple_choice,Solving A Rubik's Cube|Expert Juggling|Unicycling|Card Flourishes,,Open (free-form),,Solving a Rubik's Cube very quickly | Solving a Rubik's Cube fast | Juggling five balls | Solving a Rubik's Cube blindfolded | Extreme yo-yo tricks | Solving a Rubik's Cube | Knowing how to juggle,B
x,,What would be the worst name for a restaurant?,multiple_choice,The Greasy Spoon|Moldy Delights|E. Coli Cafe,,MC (suggested),The Greasy Spoon|Moldy Delights|E. Coli Cafe,The Greasy Spoon | Moldy Delights | E. Coli Cafe | The Greasy Spoon | Roadkill Grill | Greasy Spoon | The Gassy Spoon,B
x,,What would be on the menu at the world's worst restaurant?,open,,,Open (free-form),,"Mystery meat surprise | Mystery meat | Expired food platter | Warm, flat soda and stale bread | Mystery meatloaf | Unidentifiable grey mush | Mystery meat surprise",B
x,,What would you absolutely not do for $100?,multiple_choice,Public nudity|Eat a bug|Eat a live bug,,MC (suggested),Public nudity|Eat a bug|Eat a live bug,Eat a live bug | Public nudity | Harm an animal | Eat a bug | Public nudity | Commit a crime | Eat a bug,B
,,"If you were a ghost, who would you haunt?",multiple_choice,Donald Trump|My ex-boss|My high school bully,,MC (suggested),Donald Trump|My ex-boss|My high school bully,My ex-boss | Donald Trump | My high school bully | My noisy neighbor | Donald Trump | My ex | Donald Trump,B
,,What is the most suspicious thing you could buy at a hardware store?,multiple_choice,Duct tape and zip ties|A large tarp and shovel|Bleach (gallons of it),,MC (suggested),Duct tape and zip ties|A large tarp and shovel|Bleach (gallons of it),Duct tape and zip ties | A large tarp and shovel | Bleach (gallons of it) | Duct tape and zip ties | Zip ties and duct tape | A large roll of plastic sheeting | Duct tape and zip ties,B
,,What is the cringiest thing you did as a teenager?,multiple_choice,Terrible fashion choices|Trying too hard to be cool|Awkward attempts at flirting,,MC (suggested),Terrible fashion choices|Trying too hard to be cool|Awkward attempts at flirting,Terrible fashion choices | Trying too hard to be cool | Awkward attempts at flirting | Terrible fashion choices | Being overly dramatic | Terrible fashion choices | Trying to impress people,B
x,,What would you never admit on a first date?,multiple_choice,That I stalked them on social media|My deep financial debt|That I live with my parents (at 30+),,MC (suggested),That I stalked them on social media|My deep financial debt|That I live with my parents (at 30+),That I stalked them on social media | My deep financial debt | That I live with my parents (at 30+) | That I stalked them on social media | My past mental health struggles | That I stalked them on social media | That I stalked them on social media,B
x,,What is one thing you do that you know is wrong but keep doing?,open,,,Open (no data),,,
x,,What is the best hot dog topping?,multiple_choice,Mustard|Ketchup and Mustard|Relish,,MC (suggested),Mustard|Ketchup and Mustard|Relish,Mustard | Ketchup and Mustard | Relish | Mustard | Mustard | Ketchup | Mustard,B
,,Name something people argue about in the car,open,Directions|Music choice|The AC temperature,,MC (suggested),Directions|Music choice|The AC temperature,Directions | Music choice | The AC temperature | Where to eat | Directions | Music | Directions,B
,,What is the worst household smell?,multiple_choice,Rotten Food|Garbage|Sewage|Vomit|Bathroom smells,,MC (suggested),Rotten Food|Garbage|Sewage,Rotten Food | Garbage | Rotten Food | Sewage | Rotten Food | Mold | Rotten Food,B
x,,What is the most embarrassing song on your playlist?,multiple_choice,Call Me Maybe|I Want It That Way|Wannabe,,MC (suggested),Call Me Maybe|I Want It That Way|Wannabe,Call Me Maybe | I Want It That Way | Call Me Maybe | Wannabe | Call Me Maybe | Barbie Girl | Call Me Maybe,B
x,,Name something that is only fun the first time,multiple_choice,Skydiving|An escape room|Bungee jumping,,MC (suggested),Skydiving|An escape room|Bungee jumping,Skydiving | An escape room | Bungee jumping | Skydiving | Escape room | Skydiving | Magic trick reveal,B
x,,What is the worst name for a pet?,multiple_choice,Dinner|Roadkill|A human name,,MC (suggested),Dinner|Roadkill|A human name,Dinner | Dinner | Roadkill | A human name | Dinner | Stupid | Dinner,B
x,,What did you think was cool as a kid that is actually embarrassing?,open,,,Open (free-form),,Frosted tips in my hair. | JNCO jeans. | Frosted hair tips. | Wearing a chain wallet. | Frosted tips. | My old skater shoes. | Frosted tips.,B
,,Name an actor who plays the same character in every movie,multiple_choice,Dwayne Johnson|Jason Statham|Adam Sandler|Liam Neeson|Kevin Hart,,MC (suggested),"The Rock|Jason Statham|Dwayne ""The Rock"" Johnson","Dwayne ""The Rock"" Johnson | The Rock | Jason Statham | Adam Sandler | Dwayne Johnson | Jason Statham | The Rock",B
,,What is the most overhyped city?,multiple_choice,Los Angeles|New York City|Paris|Las Vegas,,MC (suggested),Los Angeles|New York City|Paris,"Los Angeles | Paris | New York City | Los Angeles, it's just traffic and smog. | New York City | Dubai | Los Angeles",B
,,What is the most unromantic thing ever?,multiple_choice,Doing Taxes Together|Cleaning The Toilet|Complaining Constantly|Loud Snoring|Discussing Exes,,Open (free-form),,Bad hygiene | Checking your phone constantly | Bad breath | Poor hygiene | Talking about your ex | Checking your phone | Bad hygiene,B
,,What job would you be terrible at?,multiple_choice,Customer service|Accountant|Surgeon|Door to door sales,,MC (suggested),Customer service|Accountant|Surgeon,Customer service | Accountant | Customer service | Surgeon | Customer service | Customer service | Telemarketer,B
,,What two foods should never be combined?,multiple_choice,Pickles And Chocolate|Sardines And Caramel|Cereal And Orange Juice|Ketchup And Ice Cream|Watermelon And Mustard,,MC (suggested),Milk and orange juice|Ketchup and ice cream|Toothpaste and orange juice,Milk and orange juice | Ketchup and ice cream | Milk and orange juice | Toothpaste and orange juice | Ketchup and ice cream | Milk and orange juice | Pineapple on pizza,B
x,,What should you never say to your in-laws?,open,,,Open (free-form),,My mom makes better food | My mom's cooking is better | Are you going to retire? | My ex was better | My mom makes it better | Your son/daughter is a handful | This isn't as good as my mom's,B
x,,What is the most passive aggressive thing someone can do?,open,,,Open (free-form),,The silent treatment | Giving someone the silent treatment | Ignoring someone you're upset with | Saying 'I'm fine' when you're clearly not | The silent treatment | Leaving passive-aggressive notes | Responding with 'Per my last email',B
x,,Name something everyone has but nobody talks about,multiple_choice,Private thoughts|Debt|Body hair,,MC (suggested),Private thoughts|Debt|Body hair,Debt | Private thoughts | Body hair | Secrets | Private thoughts | Insecurities | Private thoughts,B
x,,Name a trend you fell for and now regret,multiple_choice,Skinny jeans|Frosted tips|TikTok challenges,,MC (suggested),Skinny jeans|Frosted tips|TikTok challenges,Skinny jeans | Frosted tips | Skinny jeans | TikTok challenges | Skinny jeans | Low-rise jeans | Skinny jeans,B
,,What is a totally reasonable fear that people make fun of?,multiple_choice,Spiders|Bugs|Clowns,,MC-ternary (strong),Spiders|Bugs|Clowns,Spiders | Bugs | Spiders | Spiders | Clowns | Spiders | Bugs,B
x,,What is the worst thing about buffets?,open,,,Open (free-form),,People's dirty hands on serving utensils | Food sitting out for too long | The sheer number of germs | Overeating and feeling sick | Questionable cleanliness | Cold food that should be hot | People sneezing near the food,B
x,,What is the worst thing to hear at a restaurant?,open,,,Open (free-form),,We're out of that. | We're all out of that item. | The health inspector is here. | There's a hair in your food. | We just ran out of that. | Did something just crawl on the table? | There's a bug in your soup.,B
x,,What sounds like a compliment but is actually an insult?,open,,,Open (no data),,,
,,Name a celebrity who would be terrible at a party,multiple_choice,Kanye West|Elon Musk|Gordon Ramsay|Ben Shapiro|Kristen Stewart,,Open (no data),,,
x,,What job title would make the worst superhero name?,multiple_choice,Accountant|Janitor|Data Entry Clerk,,MC (suggested),Accountant|Janitor|Data Entry Clerk,Accountant | Janitor | Data Entry Clerk | Accountant | Plumber | Accountant | Accountant,B
x,,What is the grossest thing that is totally normal?,multiple_choice,Shaking hands|Using public restrooms|Eating food from a buffet,,MC (suggested),Shaking hands|Using public restrooms|Eating food from a buffet,Shaking hands | Using public restrooms | Shaking hands | Eating food from a buffet | Shaking hands | Blowing your nose loudly | Shaking hands,B
x,,What is the best response to 'we need to talk'?,open,,,Open (free-form),,"About what? | Okay, when? | What's up? | What about? | When are you free? | Is everything okay? | Whenever you're ready.",B
x,,What is the worst possible song to play at a gym?,multiple_choice,My Heart Will Go On|Stairway to Heaven|Yesterday,,MC-ternary (strong),My Heart Will Go On|Stairway to Heaven|Yesterday,My Heart Will Go On | Stairway to Heaven | My Heart Will Go On | Stairway to Heaven | My Heart Will Go On | Yesterday | My Heart Will Go On,B
,,What is the best fast food restaurant?,multiple_choice,Chick-fil-A|McDonald's|In-N-Out Burger|Wendy's|Five Guys,,MC-ternary (strong),Chick-fil-A|McDonald's|In-N-Out Burger,Chick-fil-A | Chick-fil-A | McDonald's | Chick-fil-A | Chick-fil-A | In-N-Out Burger | McDonald's,B
,,"If you could live in any fictional world, which one?",multiple_choice,Marvel Universe|Middle-earth|Star Wars|Pokemon World|Narnia,,MC (suggested),Harry Potter|Harry Potter world|Star Wars,Harry Potter | Harry Potter world | Star Wars | Middle-earth | Harry Potter | Harry Potter | The Shire,B
x,,What is the best condiment?,multiple_choice,Ketchup|Ranch|Mayonnaise,,MC (suggested),Ketchup|Ranch|Mayonnaise,Ketchup | Ranch | Mayonnaise | Ketchup | Ketchup | Ketchup | Mustard,B
,,What is the most overplayed song of all time?,multiple_choice,Don't Stop Believin'|Sweet Caroline|Bohemian Rhapsody|Happy|All Star,,MC (suggested),Don't Stop Believin'|Sweet Caroline|Happy by Pharrell,Don't Stop Believin' | Sweet Caroline | Don't Stop Believin' | Happy by Pharrell | Don't Stop Believin' | Shape of You | Don't Stop Believin',B
,,What is the worst movie sequel?,multiple_choice,Speed 2: Cruise Control|Jaws: The Revenge|Matrix Revolutions|Star Wars: Episode I,,MC (suggested),Speed 2: Cruise Control|Speed 2|Jaws: The Revenge,Speed 2: Cruise Control | Jaws: The Revenge | Speed 2 | Batman & Robin | Speed 2: Cruise Control | Matrix Revolutions | Speed 2,B
,,What is the worst pizza topping?,multiple_choice,Pineapple|Anchovies|Black Olives|Mushrooms|Broccoli,,MC-ternary (strong),Pineapple|Anchovies|Black olives,Pineapple | Anchovies | Pineapple | Black olives | Pineapple | Anchovies | Pineapple,B
,,Name a New Year's resolution nobody actually keeps,open,,,Open (no data),,,
,,What is the hardest thing about being an adult?,multiple_choice,Bills|Responsibility|Financial stress,,MC (suggested),Bills|Responsibility|Financial stress,Bills | Responsibility | Bills | Financial stress | Bills | Making decisions | Bills,B
,,What is the most useless school subject?,open,,,Open (free-form),,Calculus / advanced math | History (all the specific dates and battles) | Trigonometry | Foreign language (if you never use it again) | Physical Education (PE) | Advanced algebra | Latin,B
,,"If aliens landed tomorrow, what would we show them first?",multiple_choice,A Smartphone|A Map Of Earth|The Internet|Human Art|Nature,,MC (suggested),A smartphone|A map of Earth|The internet,A smartphone | A map of Earth | The internet | A smartphone | Food | A smartphone | Our technology,B
,,What animal would be the rudest if it could talk?,multiple_choice,Cat|Goose|Honey Badger|Llama|Chihuahua,,MC (suggested),Cat|Goose|Honey Badger,Cat | Goose | Honey Badger | Cat | Cat | Seagull | Goose,B
,,"If you could uninvent one thing, what would it be?",multiple_choice,Social media|Nuclear weapons|Single-use plastics,,MC (suggested),Social media|Nuclear weapons|Single-use plastics,Social media | Nuclear weapons | Single-use plastics | Mosquitoes | Social media | Nuclear weapons | Social media,B
,,What age does someone become 'old'?,multiple_choice,65|70|60,,MC (suggested),65|70|60,65 | 70 | 65 | 70 | 60 | 65 | 75,B
,,What is the worst candy?,multiple_choice,Black Licorice|Candy Corn|Circus Peanuts|Necco Wafers,,MC-ternary (strong),Black licorice|Candy Corn|Circus Peanuts,Black licorice | Black licorice | Black licorice | Candy Corn | Candy Corn | Circus Peanuts | Black licorice,B
,,What is the most divisive Thanksgiving food?,multiple_choice,Green Bean Casserole|Cranberry sauce|Sweet Potato Casserole,,MC-ternary (strong),Green Bean Casserole|Cranberry sauce|Sweet Potato Casserole,Green Bean Casserole | Green Bean Casserole | Cranberry sauce | Green Bean Casserole | Sweet Potato Casserole | Cranberry sauce | Green Bean Casserole,B
,,What movie do people quote too much?,multiple_choice,Forrest Gump|Star Wars|Zoolander,,MC-ternary (strong),Forrest Gump|Mean Girls|Anchorman,Forrest Gump | Mean Girls | Anchorman | Forrest Gump | Mean Girls | Forrest Gump | Mean Girls,B
,,What is something expensive that feels cheap?,multiple_choice,Designer Clothing|Printer Ink|College Textbooks|Theme Park Food|Concert Tickets,,Open (free-form),,Luxury brand clothing | Designer clothes that fall apart | Apple accessories | Concert tickets | High-end fashion items | Expensive restaurant food that's bland | Designer t-shirts with cheap material,B
,,What is the worst thing to be allergic to?,multiple_choice,Peanuts|Shellfish|Gluten|Bees|Pollen,,MC (suggested),Peanuts|Water|Bees,Peanuts | Water | Bees | Peanuts | All food | Peanuts | Peanut butter,B
x,,What is a sign that someone grew up wealthy?,open,,,Open (free-form),,A sense of entitlement | Doesn't understand the value of money | A general air of entitlement | Doesn't know how to do basic chores | Acts entitled without realizing it | Expects everything to be handed to them | Doesn't grasp the cost of everyday items,B
x,,What is the worst advice people give all the time?,open,,,Open (no data),,,
x,,Name something you could say at a dinner party and in a courtroom,open,,,Open (no data),,,
,,"If animals could talk, which would be the most annoying?",multiple_choice,Parrot|Chihuahua|Mosquito|Seagull|House Fly,,MC (suggested),Parrot|Chihuahua (or any small yappy dog)|Mosquito,Parrot | Chihuahua (or any small yappy dog) | Mosquito | Parrot | Parrot | Cat (always demanding food) | Parrot,B
x,,What is the most pointless meeting you could imagine?,open,,,Open (free-form),,A meeting to schedule another meeting | Status update where everyone just reads their slides | Meeting about a meeting | Mandatory 'fun' team building | Meeting to plan a future meeting | Meeting to discuss the agenda for the next meeting | A brainstorming session without any clear objective,B
x,,What is the most dramatic way to quit a job?,multiple_choice,Storming out|Quitting via a live video|Leaving a scathing note,,MC (suggested),Storming out|Quitting via a live video|Leaving a scathing note,Storming out | Quitting via a live video | Leaving a scathing note | Storming out | Announcing it on social media | Storming out | Just never showing up again,B
x,,What is the worst thing about potlucks?,multiple_choice,Mystery dishes|Questionable food|Food safety concerns,,MC (suggested),Mystery dishes|Questionable food|Food safety concerns,Mystery dishes | Questionable food | Mystery dishes | Food safety concerns | Mystery dishes | Bad food | Mystery dishes,B
,,What would you put on your tombstone?,multiple_choice,Still Loading...|Worth The Wait|Gone Fishing|I Told You I Was Sick|Game Over,,MC (suggested),"I told you I was sick|Respawning soon|Well, this sucks","I told you I was sick. | Respawning soon. | Well, this sucks. | I told you I was sick. | Game Over. | Finally AFK. | I told you I was sick.",B
x,,"If you had a warning label, what would it say?",multiple_choice,Warning: May contain sarcasm|not disturb before coffee|Warning: Easily distracted,,MC (suggested),Warning: May contain sarcasm|Do not disturb before coffee|Warning: Easily distracted,Warning: May contain sarcasm. | Do not disturb before coffee. | Warning: Easily distracted. | Warning: May contain sarcasm. | Do not disturb before coffee. | Warning: Low battery before noon. | Warning: May contain sarcasm.,B
,,Dogs or cats?,multiple_choice,Dogs|Cats,,MC (suggested),"Dogs|Dogs, definitely|Cats","Dogs | Dogs, definitely | Cats | Dogs | Dogs | Cats, for sure | Dogs all the way",A
,,What is the best gas station snack?,multiple_choice,Chips|Candy bar|Beef jerky,,MC (suggested),Chips|Candy bar|Beef jerky,Chips | Candy bar | Chips | Beef jerky | Chips | Chips | Chips,A
,,What is the best dip for chips?,multiple_choice,Salsa|French Onion Dip|Guacamole,,MC (suggested),Salsa|French Onion Dip|Guacamole,Salsa | Salsa | French Onion Dip | Salsa | Salsa | Guacamole | Salsa,A
,,What is the best stadium food?,multiple_choice,Hot Dog|Nachos|Popcorn,,MC (suggested),Hot Dog|Nachos|Popcorn,Hot Dog | Hot Dog | Nachos | Hot Dog | Hot Dog | Popcorn | Hot Dog,A
,,What is the best movie for family night?,multiple_choice,Toy Story|The Lion King|Home Alone,,MC (suggested),Toy Story|The Lion King|Home Alone,Toy Story | The Lion King | Toy Story | Toy Story | Home Alone | Toy Story | Toy Story,A
x,,Name a song everyone knows the words to,multiple_choice,Happy Birthday|Don't Stop Believin'|Sweet Caroline,,MC (suggested),Happy Birthday|Don't Stop Believin'|Sweet Caroline,Happy Birthday | Happy Birthday | Happy Birthday | Happy Birthday | Don't Stop Believin' | Sweet Caroline | Happy Birthday,A
x,,What is the worst school subject?,multiple_choice,Math|History|English,,MC (suggested),Math|History|English,Math | Math | History | Math | Math | English | Math,A
,,What is the best type of french fry?,multiple_choice,Shoestring|Waffle|Curly|Crinkle Cut|Steak Fry,,MC (suggested),Shoestring|Thin cut|Thin and crispy,Shoestring | Thin cut | Shoestring | Thin and crispy | Shoestring | Waffle | Shoestring,A
,,What is the best type of donut?,multiple_choice,Glazed|Chocolate|Jelly,,MC (suggested),Glazed|Chocolate|Jelly,Glazed | Glazed | Chocolate | Glazed | Jelly | Glazed | Glazed,A
,,What would be the hardest food to give up?,multiple_choice,Pizza|Coffee|Chocolate|Cheese|French Fries,,MC (suggested),Pizza|Coffee|Chocolate,Pizza | Coffee | Chocolate | Pizza | Cheese | Pizza | Pizza,A
x,,What is a hill you will die on?,multiple_choice,Pineapple does not belong on pizza|The Oxford comma is essential|Pineapple doesn't belong on pizza,,MC (suggested),Pineapple does not belong on pizza|The Oxford comma is essential|Pineapple doesn't belong on pizza,Pineapple does not belong on pizza | Pineapple does not belong on pizza | The Oxford comma is essential | Pineapple doesn't belong on pizza | Always use your turn signal | Pineapple on pizza is an abomination | Pineapple does not belong on pizza,A
,,Name something that is way harder than it looks,multiple_choice,Juggling|Golf|Parenting|Learning A Language|Baking,,MC (suggested),Golf|Parenting|Parallel parking,Golf | Golf | Golf | Parenting | Golf | Golf | Parallel parking,A
x,,Thick crust or thin crust — which is better?,multiple_choice,Thin crust|Thick crust,,MC (suggested),Thin crust|Thick crust,Thin crust | Thin crust | Thick crust | Thin crust | Thin crust | Thick crust | Thin crust,A
,,Which holiday has the best food?,multiple_choice,Thanksgiving|Christmas|Halloween|New Year's Eve|Easter,,Open (strong default),,Thanksgiving | Thanksgiving | Thanksgiving | Thanksgiving | Christmas | Thanksgiving | Thanksgiving,A
,,What is the best comfort show to rewatch?,multiple_choice,The Office|Friends|Parks and Rec|Seinfeld,,MC (suggested),The Office|Friends|Parks and Rec,The Office | Friends | The Office | The Office | Parks and Rec | The Office | The Office,A
x,,What is the most iconic movie quote?,multiple_choice,"May the Force be with you|I'll be back|Frankly, my dear, I don't give a damn",,MC (suggested),"May the Force be with you|I'll be back|Frankly, my dear, I don't give a damn","May the Force be with you. | May the Force be with you. | I'll be back. | Frankly, my dear, I don't give a damn. | May the Force be with you. | May the Force be with you. | May the Force be with you.",A
x,,What is the worst movie you have ever sat through?,multiple_choice,Movie 43|The Room|Cats (2019),,MC (suggested),Movie 43|The Room|Cats (2019),Movie 43 | The Room | Movie 43 | Movie 43 | Cats (2019) | Movie 43 | Movie 43,A
,,What is the most overused excuse?,multiple_choice,Traffic|My Alarm Didn't Go Off|I Forgot|I Didn't See The Email|I Was Sick,,MC (suggested),Traffic|I was stuck in traffic|I forgot,Traffic | I was stuck in traffic | I forgot | Traffic | My alarm didn't go off | Traffic was bad | Traffic,A
x,,What is the most American food?,multiple_choice,Hamburger|Cheeseburger|Hot Dog,,MC (suggested),Hamburger|Cheeseburger|Hot Dog,Hamburger | Cheeseburger | Hamburger | Hot Dog | Apple Pie | Hamburger | Cheeseburger,A
,,What is the best fast food breakfast?,multiple_choice,Egg McMuffin|Chicken Biscuit|Breakfast Crunchwrap|Sausage Biscuit|McGriddle,,MC-ternary (strong),Egg McMuffin|Chick-fil-A Chicken Biscuit|McDonald's Egg McMuffin,McDonald's Egg McMuffin | Egg McMuffin | Chick-fil-A Chicken Biscuit | Egg McMuffin | Egg McMuffin | Chick-fil-A Chicken Biscuit | Egg McMuffin,A
,,What is the best Girl Scout cookie?,multiple_choice,Thin Mints|Samoas|Tagalongs|Do-si-dos|Trefoils,,MC (suggested),Thin Mints|Samoas|Tagalongs,Thin Mints | Samoas | Thin Mints | Thin Mints | Thin Mints | Tagalongs | Thin Mints,A
x,,What is the most useless emoji?,multiple_choice,🕳️ (Hole Emoji)|🕳️|🕳️ (Hole),,MC (suggested),🕳️ (Hole Emoji)|🕳️|🕳️ (Hole),🕳️ (hole emoji) | 🕳️ (hole) | 🕳️ | 🔀 (shuffle button) | 🕳️ (hole emoji) | 💱 (currency exchange) | 🕳️,A
x,,What is the best thing to do on a first date?,open,,,Open (free-form),,Get coffee | Go for drinks | Coffee | Dinner | A coffee date | Coffee | Go for coffee,A
,,What is the most stressful thing about the holidays?,multiple_choice,Gift Shopping|Family Gatherings|Travel|Cooking|Financial Strain,,Open (free-form),,The cost of gifts | Financial stress | Dealing with family | Shopping for presents | Family drama | Money | Buying gifts,A
x,,What should they start teaching in school?,open,,,Open (free-form),,Financial literacy | How to manage money and do taxes | Personal finance | Practical life skills | Basic coding | Critical thinking and media literacy | Financial literacy and budgeting,A
,,"If you could eliminate one minor inconvenience forever, what?",multiple_choice,Traffic Jams|Slow Wi-Fi|Wet Socks|Long Lines|Dead Phone Battery,,Open (no data),,,
x,,What is the best guilty pleasure snack?,multiple_choice,Potato chips|Ice cream,,MC (suggested),Potato chips|Ice cream,Potato chips | Ice cream | Potato chips | Potato chips | Ice cream | Potato chips | Potato chips,A
,,What song would play every time you entered a room?,multiple_choice,Eye of the Tiger|Welcome to the Jungle|Seven Nation Army|Thunderstruck|Don't Stop Me Now,,MC (suggested),Eye of the Tiger|Welcome to the Jungle|Seven Nation Army,Eye of the Tiger | Eye of the Tiger | Welcome to the Jungle | Eye of the Tiger | Seven Nation Army | Eye of the Tiger | Eye of the Tiger,A
x,,What is the worst possible Wi-Fi password?,multiple_choice,Password|123456|Admin,,MC (suggested),Password|123456|Admin,password | 123456 | password | admin | MyKidsName | password123 | password,B
x,,What is the most embarrassing thing in your search history?,open,,,Open (free-form),,Symptoms of [embarrassing illness] | How to get rid of foot fungus | Do I have [weird medical symptom]? | My ex-partner's new partner's vacation photos | Why does my [body part] make that noise? | How to use basic household tool | Embarrassing medical condition symptoms,A
x,,What is the worst text to accidentally send to your boss?,open,,,Open (free-form),,"I love you. | I love you too, baby. | Can't wait for tonight, honey. | I love you, sweetie. | OMG, this job sucks! | Did you pick up the kids? | I love you!!!",B
,,Is a hot dog a sandwich?,multiple_choice,Yes|No,,Open (strong default),,No | No | No | No | Yes | No | No,A
,,What is the ideal number of pillows on a bed?,multiple_choice,4|2|3|1|5,,MC (suggested),4|2|3,4 | 4 | 4 | 2 | 4 | 3 | 4,A
,,"Diagonal or straight, right way to cut a sandwich?",multiple_choice,Diagonal|Straight,,Open (no data),,,
x,,Ketchup on eggs — acceptable or criminal?,multiple_choice,Acceptable|Criminal,,MC-binary (strong),Acceptable|Criminal,Acceptable | Acceptable | Acceptable | Acceptable | Acceptable | Criminal | Acceptable,A
,,What is the correct cheese for a grilled cheese?,multiple_choice,Cheddar|American|Swiss|Provolone|Muenster,,Open (no data),,,
,,Cake or pie?,multiple_choice,Cake|Pie,,SKIP (auto),Cake|Pie,Cake | Cake | Pie | Cake | Cake | Pie | Cake,A
,,Boneless wings or bone-in wings?,multiple_choice,Bone-in|Boneless,,MC (suggested),Bone-in|Boneless,Bone-in | Boneless | Bone-in | Bone-in | Boneless | Bone-in | Boneless,B
x,,What item of clothing should have stayed in the early 2000s?,open,,,Open (no data),,,
x,,What food texture instantly triggers your gag reflex?,open,,,Open (no data),,,
,,What TV show went on at least two seasons too long?,open,,,Open (no data),,,
x,,Name a social media trend that needs to die,open,,,Open (no data),,,
,,Which children's character is secretly insufferable?,multiple_choice,Caillou|Peppa Pig|Dora The Explorer|Elmo|Arthur,,Open (no data),,,
x,,What is the worst thing to find in a shared fridge at work?,open,,,Open (no data),,,
x,,What is the most annoying 'quirk' people pass off as a personality?,open,,,Open (no data),,,
x,,What is the most universally ignored piece of etiquette?,open,,,Open (no data),,,
x,,Name a celebrity everyone pretends to like but finds annoying,open,,,Open (no data),,,
x,,What is the most overrated vacation destination?,open,,,Open (no data),,,
x,,What is the most common lie people tell about their weekend?,open,,,Open (no data),,,
x,,Name a food everyone pretends to like for health reasons,open,,,Open (no data),,,
x,,Pineapple on pizza: masterpiece or crime against humanity?,open,,,Open (no data),,,
x,,Milk before cereal or after? Your decision defines your worldview.,open,,,Open (no data),,,
,,Is it 'gif' with a hard G or a soft G?,multiple_choice,Hard G|Soft G,,Open (no data),,,
,,Leaving voicemails: thoughtful or a waste of everyone's time?,multiple_choice,Thoughtful|Waste Of Time,,Open (no data),,,
,,What is the worst public display of affection?,multiple_choice,Deep Kissing|Baby Talk|Feeding Each Other|Touching Butts|Excessive Hugging,,Open (no data),,,
x,,What is the most questionable stain in a hotel room?,open,,,Open (no data),,,
x,,What is the worst thing to find floating in a public pool?,open,,,Open (no data),,,
x,,What is the most unsettling thing for a smart speaker to say at 3 AM?,open,,,Open (no data),,,
x,,What is the worst animal sound to make during a job interview?,open,,,Open (no data),,,
x,,What is the worst thing to accidentally step in while barefoot outside?,open,,,Open (no data),,,
x,,What is the most infuriating thing in a public bathroom?,open,,,Open (no data),,,
x,,What is the most aggressively basic fall drink order?,open,,,Open (no data),,,
x,,Which celebrity is undeniably famous for absolutely nothing?,open,,,Open (no data),,,
x,,What is the worst Christmas gift to unwrap?,open,,,Open (no data),,,
,,What is the most suspicious neighborly favor to be asked?,multiple_choice,Help Me Bury Something|Watch My House For Months|Drive Me Far Away|Hold This Briefcase,,Open (no data),,,
,,What is the most inappropriate place to fall asleep in public?,open,,,Open (no data),,,
,,Who in this room would be the worst roommate?,open,,,Open (free-form),,"David, he's a total slob. | Megan, she's super messy. | David, his room is always a disaster zone. | Definitely Megan, she never cleans. | David, I heard he leaves dishes for days. | Megan, she's really unorganized. | David, he's just not tidy at all.",B
,,Who in this room would be the worst at keeping a secret?,open,,,Open (free-form),,"Sarah, she tells everything. | Probably Mike, he just gets too excited. | Definitely Sarah, she's a total blabbermouth. | Sarah, no doubt. She can't hold water. | I'd say Mike, he sometimes lets things slip accidentally. | Sarah, she loves a good gossip session. | Sarah, it's not even a question.",A
,,Who in this room would cry first during a sad movie?,open,,,Open (free-form),,"Emily, she's so sensitive. | Probably Tom, he gets really invested in stories. | Emily, hands down. She cries at commercials. | Emily, she has the biggest heart. | Tom, he's surprisingly emotional. | Emily, she's very empathetic. | Definitely Emily, she's a softie.",A
,,Who in this room would last the longest without their phone?,open,,,MC (suggested),The oldest person|The one who reads books|The one who doesn't use social media,The oldest person | The oldest person | The oldest person | The one who reads books | The one who doesn't use social media | The oldest person | The oldest person,A
,,Who in this room is most likely to start a fight over a board game?,open,,,Open (free-form),,"Chris, he's way too competitive. | Lisa, she takes games super seriously. | Chris, no question. He hates losing. | Chris, he's such a sore loser. | Lisa, she gets really intense. | Chris, he'll flip the board. | Lisa, she absolutely has to win.",B
x,,Who in this room is most likely to go viral?,open,,,Open (no data),,,
,,Who in this room would survive the longest in a horror movie?,open,,,MC-ternary (strong),The quiet one|The smart one|The one who doesn't panic,The quiet one | The smart one | The one who doesn't panic | The quiet one | The smart one | The quiet one | The quiet one,B
,,Who in this room would be the most dramatic over a paper cut?,open,,,Open (no data),,,
,,Who in this room has the worst taste in music?,open,,,MC (suggested),The oldest person|The one who only listens to country music|The one who plays pop music,The oldest person | The one who only listens to country music | The one who plays pop music | The oldest person | The one who listens to obscure jazz | The oldest person | The youngest person,B
x,,Who in this room has the most suspicious browser history?,open,,,Open (no data),,,
x,,Who in this room would hoard toilet paper during a crisis?,open,,,Open (no data),,,
,,Who in this room would accidentally join a pyramid scheme?,open,,,Open (no data),,,
,,Who in this room would ruin a surprise party?,open,,,Open (no data),,,
x,,Who in this room would be caught singing off-key at a wedding?,open,,,Open (no data),,,
,,Who in this room would panic and call 911 for a minor inconvenience?,open,,,Open (no data),,,
,,Who in this room would be the last to notice a fire in the building?,open,,,Open (no data),,,
,,Who in this room would win a hot dog eating contest?,open,,,Open (no data),,,
x,,Who in this room would try to haggle at a fancy restaurant?,open,,,Open (no data),,,
x,,Who in this room would sneak snacks into a movie theater the worst way?,open,,,Open (no data),,,
,,Would you rather fight one horse-sized duck or a hundred duck-sized horses?,multiple_choice,Fight One Horse-sized Duck|A Hundred Duck-sized Horses,,MC-binary (strong),Fight One Horse-sized Duck|A Hundred Duck-sized Horses,One horse-sized duck | One horse-sized duck | A hundred duck-sized horses | One horse-sized duck | One horse-sized duck | A hundred duck-sized horses | One horse-sized duck,A
,,Would you rather be the funniest person in the room or the smartest?,multiple_choice,The Funniest Person In The Room|The Smartest,,MC-binary (strong),Be The Funniest Person In The Room|The Smartest,The smartest | The smartest | The funniest | The smartest | The smartest | The funniest | The smartest,A
,,Would you rather be famous for something embarrassing or unknown forever?,multiple_choice,Famous For Something Embarrassing|Unknown Forever,,MC-binary (strong),Be Famous For Something Embarrassing|Unknown Forever,Unknown forever | Unknown forever | Unknown forever | Unknown forever | Unknown | Famous for something embarrassing | Unknown forever,A
,,Would you rather always be 10 minutes late or 20 minutes early?,multiple_choice,Always Be 10 Minutes Late|20 Minutes Early,,MC-binary (strong),Always Be 10 Minutes Late|20 Minutes Early,20 minutes early | 20 minutes early | 20 minutes early | 20 minutes early | 10 minutes late | 20 minutes early | 20 minutes early,A
,,Would you rather live without music or without movies?,multiple_choice,Without Music|Without Movies,,MC-binary (strong),Live Without Music|Without Movies,Without movies | Without movies | Without music | Without movies | Without movies | Without movies | Without movies,A
,,Would you rather have unlimited money or unlimited time?,multiple_choice,Unlimited Money|Unlimited Time,,MC-binary (strong),Have Unlimited Money|Unlimited Time,Unlimited time | Unlimited time | Unlimited time | Unlimited money | Time | Unlimited time | Unlimited money,A
,,Would you rather always speak your mind or never speak again?,multiple_choice,Always Speak Your Mind|Never Speak Again,,MC-binary (strong),Always Speak Your Mind|Never Speak Again,Always speak my mind | Speak my mind | Always speak your mind | Never speak again | Speak my mind | Always speak my mind | Speak my mind,A
,,Would you rather sweat mayonnaise or cry hot sauce?,multiple_choice,Sweat Mayonnaise|Cry Hot Sauce,,MC-binary (strong),Sweat Mayonnaise|Cry Hot Sauce,,
x,,Would you rather your phone always be at 5% or your Wi-Fi always be 2G?,multiple_choice,Your Phone Always Be At 5%|your Wi-Fi always be 2G,,MC-binary (strong),Your Phone Always Be At 5%|your Wi-Fi always be 2G,,
x,,Would you rather give up cheese forever or chocolate forever?,multiple_choice,Give Up Cheese Forever|Chocolate Forever,,MC-binary (strong),Give Up Cheese Forever|Chocolate Forever,,
x,,Would you rather never use the internet again or never eat pizza again?,open,,,SKIP (auto),Never Use The Internet Again|Never Eat Pizza Again,Never eat pizza again | Never eat pizza again | Never eat pizza again | Never eat pizza again | Never use the internet again | Never eat pizza again | Never eat pizza again,A
,,Would you rather have no taste buds or be colorblind?,multiple_choice,No Taste Buds|Be Colorblind,,SKIP (auto),Have No Taste Buds|Be Colorblind,Be colorblind | Be colorblind | No taste buds | Be colorblind | Be colorblind | Be colorblind | Be colorblind,A
,,Would you rather never age physically or never age mentally?,multiple_choice,Never Age Physically|Never Age Mentally,,SKIP (auto),Never Age Physically|Never Age Mentally,Never age mentally | Never age physically | Never age mentally | Never age mentally | Never age mentally | Never age physically | Never age mentally,A
,,Would you rather your sweat smell like bleu cheese or your breath smell like tuna?,multiple_choice,Your Sweat Smell Like Bleu Cheese|Your Breath Smell Like Tuna,,MC-binary (strong),Your Sweat Smell Like Bleu Cheese|Your Breath Smell Like Tuna,,
,,Would you rather only communicate through dance or through opera singing?,multiple_choice,Only Communicate Through Dance|Through Opera Singing,,MC-binary (strong),Only Communicate Through Dance|Through Opera Singing,,
,,Would you rather have knees that bend both ways or elbows that only bend forward?,multiple_choice,Knees That Bend Both Ways|Elbows That Only Bend Forward,,MC-binary (strong),Have Knees That Bend Both Ways|Elbows That Only Bend Forward,,
,,Would you rather your bed always feel sandy or your shower always run ice cold?,multiple_choice,Your Bed Always Feel Sandy|Your Shower Always Run Ice Cold,,MC-binary (strong),Your Bed Always Feel Sandy|Your Shower Always Run Ice Cold,,
,,"If you were abducted, who would you choose: Aliens, Pirates, or Ghosts?",multiple_choice,Aliens|Pirates|Ghosts|Vampires|Government Agents,,Open (no data),,,
,,"Pick your permanent body scent: old library books, fresh cut grass, or new car smell?",multiple_choice,Old Library Books|Fresh Cut Grass|New Car Smell|Fresh Baked Bread,,Open (no data),,,
,,"You can only eat one cuisine forever: Mexican, Italian, or Japanese?",multiple_choice,Mexican|Italian|Japanese|Indian|Chinese,,Open (no data),,,
,,"Pick your nightmare roommate: a loud chewer, a sleep talker, or a thermostat dictator?",multiple_choice,A Loud Chewer|A Sleep Talker|A Thermostat Dictator|A Food Thief|A Constant Mess-Maker,,Open (no data),,,
,,"You're stuck in an elevator with one celebrity: The Rock, Oprah, or Gordon Ramsay?",multiple_choice,The Rock|Oprah Winfrey|Gordon Ramsay|Tom Hanks|Kevin Hart,,Open (no data),,,
,,"Your shower now only dispenses one liquid: lukewarm gravy, flat soda, or dish soap?",multiple_choice,Lukewarm Gravy|Flat Soda|Dish Soap|Maple Syrup|Saltwater,,Open (no data),,,
,,"Pick your useless superpower: you can talk to ants, you glow in the dark, or you can taste colors?",multiple_choice,Talk To Ants|Glow In The Dark|Taste Colors|Summon A Single Pigeon|Make Bread Stale Instantly,,Open (no data),,,
,,"You must wear one costume to work every day: hot dog suit, banana suit, or inflatable dinosaur?",multiple_choice,Hot Dog Suit|Banana Suit|Inflatable Dinosaur|Chicken Suit|Cupcake Suit,,Open (no data),,,
,,"Pick your worst tattoo: a toilet, your ex's face, or a QR code to a Rick Roll?",multiple_choice,A Toilet|Your Ex's Face|A QR Code To A Rick Roll|A Misspelled Word|A Corporate Logo,,Open (no data),,,
,,"You can only listen to one artist forever: Nickelback, Kidz Bop, or the Frozen soundtrack?",multiple_choice,Elevator Music|Autotuned Pop|Commercial Jingles,,Open (no data),,,
,,"Zombie apocalypse weapon: a frying pan, a golf club, or a bag of doorknobs?",multiple_choice,Baseball Bat|Crowbar|Garden Hoe|Fire Poker,,Open (no data),,,
,,"Your car horn is replaced with one sound: a goat scream, a fart, or the Macarena?",multiple_choice,Vuvuzela Blast|Baby Crying|Kazoo Solo|Laugh Track,,Open (no data),,,
,,"Pick your new neighbor: someone who mows at 6 AM, a loud drummer, or a guy with 12 cats?",multiple_choice,Constant Party Host|Barking Dog Owner|Early Morning Builder|Conspiracy Theorist,,Open (no data),,,
,,"You must get a face tattoo: a tiny mustache, a third eyebrow, or a permanent teardrop?",multiple_choice,Forehead Target|Giant Mole|Barcode|Permanent Unibrow,,Open (no data),,,
,,"Pick your prison cellmate: a close talker, a loud snorer, or someone who narrates everything?",multiple_choice,Constant Hummer|Nail Clipper|Finger Tapper|Never Talks,,Open (no data),,,
,,"Your voice permanently changes to: Morgan Freeman, Gilbert Gottfried, or Siri?",multiple_choice,Darth Vader|A Chipmunk|Game Show Announcer|Pirate Accent,,Open (no data),,,
,,"You can only drink one thing forever: room temperature milk, black coffee, or pickle juice?",multiple_choice,Flat Soda|Warm Water|Unsweetened Tea|Tomato Juice,,Open (no data),,,
,,"Worst haunted house ghost: moves furniture, hides keys, or eats leftovers?",multiple_choice,Replaces Sugar With Salt|Changes TV Channel|Leaves Wet Towels|Unties Your Shoes,,Open (no data),,,
,,"You time travel but can only visit: the dinosaurs, ancient Rome, or the year 3000?",multiple_choice,Medieval Times|Wild West|Roaring Twenties|Stone Age,,Open (no data),,,
,,You get one free crime with no consequences: what do you do?,multiple_choice,Rob A Bank|Steal A Sports Car|Free Zoo Animals|Prank A Leader,,Open (no data),,,
,,"Pick your apocalypse buddy: a doctor, a mechanic, or a chef?",multiple_choice,Doctor|Mechanic|Farmer|Engineer|Scout,,Open (no data),,,
,,You can add one ridiculous rule to any sport — what is it?,multiple_choice,Wear Silly Hats|Animal On Field|Rubber Chicken Ball|Must Play Blindfolded,,Open (no data),,,
,,You must rename yourself after a food — what's your new name?,multiple_choice,Muffin|Noodle|Potato|Cookie|Apple,,Open (no data),,,
,,Which fictional villain actually had a point?,multiple_choice,Thanos|Magneto|Killmonger|Syndrome,,Open (no data),,,
,,"Pick your worst way to travel: riding a donkey, a tandem bike with a stranger, or a pogo stick?",multiple_choice,Pogo Stick|Unicycle|Roller Skates Uphill|Tandem With Stranger,,Open (no data),,,
,,Your life gets a laugh track — which situation would be the most annoying?,multiple_choice,During An Argument|At A Funeral|Job Interview|First Date|Dentist Appointment,,Open (no data),,,
,,"You have to fight one animal: a kangaroo, an ostrich, or a very angry goose?",multiple_choice,Kangaroo|Ostrich|Angry Goose|Badger,,Open (no data),,,
,,"Pick your personal hell: eternal hold music, permanent wet socks, or never-ending hiccups?",multiple_choice,Eternal Hold Music|Permanent Wet Socks|Never-Ending Hiccups|Always Slow Wifi,,Open (no data),,,
,,"You wake up as an animal for a day: a house cat, a dolphin, or an eagle?",multiple_choice,House Cat|Dolphin|Eagle|Dog|Monkey,,Open (no data),,,
,,"Which mythical creature would be the most annoying roommate: a goblin, a unicorn, or Bigfoot?",multiple_choice,Goblin|Vampire|Werewolf|Unicorn|Dragon,,Open (no data),,,
,,"Celebrity narrating your life: David Attenborough, Snoop Dogg, or your mom?",multiple_choice,Morgan Freeman|David Attenborough|Ryan Reynolds|Kristen Bell|Patrick Stewart,,Open (no data),,,
,,You can only use one condiment for the rest of your life — which one?,multiple_choice,Ketchup|Mayonnaise|Hot Sauce|Soy Sauce|Ranch Dressing,,Open (no data),,,
,,Which fast food mascot would win in a fight?,multiple_choice,The Burger King|Ronald McDonald|Jack In The Box|Colonel Sanders,,Open (no data),,,
,,"Pick your new ringtone that you can never change: a baby crying, a dial-up modem, or the Macarena?",multiple_choice,Baby Crying|Dial-Up Modem|The Macarena|Bagpipes|Vuvuzela,,Open (no data),,,
,,"You must eat one weird combo every day: ketchup on ice cream, mayo on cookies, or mustard on cereal?",multiple_choice,Ketchup On Ice Cream|Mustard On Cereal|Mayonnaise On Cookies|Hot Sauce On Yogurt|Soy Sauce On Apples,,Open (no data),,,
,,"Trapped in a movie for a week: Jurassic Park, Titanic, or The Hunger Games?",multiple_choice,Jurassic Park|The Hunger Games|Titanic|A Quiet Place|Contagion,,Open (no data),,,
x,,Pick your supervillain name based on your worst habit,open,,,Open (no data),,,
x,,"If your life was a reality show, what would it be called?",open,,,Open (no data),,,
x,,You can only watch one movie for the rest of your life — what is it?,open,,,Open (no data),,,
x,,"If you could only shop at one store forever, which one?",open,,,Open (no data),,,
x,,What is the most chaotic thing a kid has ever said to you?,open,,,SKIP (auto),,"My imaginary friend told me to push you down the stairs | Are you going to die soon like grandma did? | You have a monster in your car engine | I wish my brother would disappear forever | My mom told me your singing is bad | Can I lick your shoe? | When I grow up, I'm going to marry my cat",C
x,,"If this group started a band, what would the name be?",open,,,SKIP (auto),,The Flock Together Four (or Seven). | The Convergents. | The Strategic Squad. | The Consensus Seekers. | The Dissenters (ironically). | Flock of Seven. | The Majority Rules.,C
x,,What is the most irrational thing you get competitive about?,open,,,SKIP (auto),,"Board games with friends/family | Trivial Pursuit and other trivia games | Finding the best parking spot | Driving in general (getting places faster) | Board games, even simple ones | Winning arguments, even trivial ones | Trivial Pursuit or quiz games",C
x,,What is the worst possible song to walk down the aisle to?,open,,,SKIP (auto),,Another One Bites the Dust | I Will Survive | Highway to Hell | Single Ladies | WAP | Gold Digger | Another One Bites the Dust,C
x,,What expired food would you still eat?,open,,,SKIP (auto),,Yogurt (a few days) | Canned goods | Chips | Dry pasta | Yogurt | Honey | Canned food,C
x,,What is the most random thing you know way too much about?,open,,,Open (no data),,,
,,Name a food that people eat wrong,multiple_choice,Cupcakes|Sushi|Pizza|Tacos|Steak,,MC-ternary (strong),Bananas|Pizza|Steak (well done),Bananas | Bananas | Pizza | Steak (well done) | Bananas | Bananas | Pizza,B
,,What is a scam that we have all just agreed is fine?,multiple_choice,Bottled Water|Printer Ink|Movie Popcorn|Extended Warranties|College Textbooks,,Open (free-form),,Printer ink | Tipping culture | Convenience fees for tickets | Printer cartridges | Extended warranties | Printer ink prices | Bottled water,B
,,What is a dealbreaker on a road trip?,multiple_choice,Bad Music Choices|Constant Complaining|Not Sharing Driving|Messy Car|Poor Navigation,,Open (free-form),,Poor hygiene or body odor. | Constant complaining about everything. | Someone who refuses to share driving responsibilities. | Bad music taste and refusal to compromise. | Smelly person / poor hygiene. | Whining and complaining non-stop. | Someone constantly complaining.,B
,,What fictional character do you relate to the most?,multiple_choice,Harry Potter|Hermione Granger|SpongeBob SquarePants|Simba|Spider-Man,,SKIP (auto),,Jim Halpert from The Office | Liz Lemon from 30 Rock | Leslie Knope (Parks and Rec) | Jim Halpert | Liz Lemon | Spongebob Squarepants | Jim Halpert,B
x,,What is the worst thing about group projects?,open,,,SKIP (auto),,Uneven workload | Uneven workload | Freeloaders | Uneven workload | Freeloaders | Uneven workload | Scheduling conflicts,B
,,What is the funniest word in the English language?,multiple_choice,Fart|Giggle|Poop|Wobbly|Shenanigans,,MC (suggested),Fart|Giggle|Poop,Fart | Fart | Giggle | Fart | Poop | Wobbly | Fart,B
,,What is the best decade for music?,multiple_choice,1980s|1990s|2000s|1970s|1960s,,SKIP (auto),,1980s | 1980s | 1980s | 1990s | 1980s | 1980s | 1970s,A
,,What is the one thing in your home you would save in a fire?,multiple_choice,Photo Album|Pet|Important Documents|Sentimental Item,,SKIP (auto),,"My laptop | Important documents (passport, deeds) | My external hard drive | My laptop | Photo albums | My laptop | My laptop",B
x,,"If you could relive one day of your life, which would it be?",open,,,SKIP (auto),,My wedding day | The birth of my first child | My wedding day | A specific travel adventure | My wedding day | The birth of my first child | My wedding day,B
x,,What is the worst thing about living with someone?,open,,,SKIP (auto),,Messiness | Dirty dishes | Lack of privacy | Different cleanliness standards | The constant mess | Noise levels | Not doing chores,B
x,,What is the most toxic reality TV show?,multiple_choice,Real Housewives|Keeping Up With The Kardashians|90 Day Fiance,,MC (suggested),Real Housewives|Keeping Up With The Kardashians|90 Day Fiance,Real Housewives | Keeping Up With The Kardashians | Real Housewives | 90 Day Fiance | The Bachelor | Real Housewives | Real Housewives,B
,,What common phrase makes absolutely no sense?,multiple_choice,Break A Leg|Raining Cats And Dogs|Spill The Beans|Bite The Bullet|Cat Got Your Tongue,,SKIP (auto),,Break a leg | It's raining cats and dogs | Bite the bullet | Break a leg | Raining cats and dogs | Break a leg | Spill the beans,B
,,What is the best free thing in life?,multiple_choice,Laughter|Sunshine|A Good Night's Sleep|Hugs|Friendship,,SKIP (auto),,Sleep | Laughter | Sunshine | Sleep | Friendship | Sleep | Nature,B
,,What makes someone immediately likeable?,multiple_choice,Genuine Smile|Good Listener|Kindness|Sense Of Humor|Positive Attitude,,SKIP (auto),,"A genuine smile | Being friendly and approachable | A warm, welcoming smile | Making good eye contact | A bright smile | Being a good listener | Kindness",B
,,What is the most satisfying sound?,multiple_choice,Crackling Fire|Fresh Snow Crunch|Pen Clicking|Pouring Coffee|Pages Turning,,SKIP (auto),,Rain | Popping bubble wrap | Cat purring | Rain falling | Ocean waves | Popping bubble wrap | Rain,B
x,,What is the best excuse for being late?,multiple_choice,Traffic|Overslept|Car trouble,,MC (suggested),Traffic|Overslept|Car trouble,Traffic | Traffic | Overslept | Car trouble | Traffic | Public transport delay | Traffic,B
,,What is the most nostalgic smell?,multiple_choice,Freshly Baked Cookies|Rain|Freshly Cut Grass|Campfire Smoke|Old Books,,SKIP (auto),,Baking cookies | Fresh cut grass | Baking cookies | Rain | Baking cookies | Grandma's house | Baking cookies,B
,,What is the first app you check in the morning?,open,,,SKIP (auto),,Instagram | Facebook | Instagram | Weather app | Gmail | TikTok | Instagram,B
,,What childhood snack do you still eat as an adult?,open,,,SKIP (auto),,Goldfish crackers | Oreos | Pop-Tarts | Goldfish crackers | Cheez-Its | Oreos | Gushers,C
x,,What is the biggest first world problem?,multiple_choice,Slow Wi-Fi|Phone battery dying|No cell service,,MC (suggested),Slow Wi-Fi|Phone battery dying|No cell service,Slow Wi-Fi | Phone battery dying | Slow Wi-Fi | No cell service | Avocado not ripe | Slow Wi-Fi | Slow Wi-Fi,B
x,,What is everyone's biggest pet peeve?,open,,,Open (free-form),,Loud chewing | Chewing with mouth open | Not using turn signals | People who are always late | Loud chewing | Chewing loudly | Leaving dirty dishes,B
,,What is the best midnight snack?,multiple_choice,Cereal|Chips|Ice Cream|Toast|Popcorn,,MC (suggested),Cereal|Chips|Ice cream,Cereal | Chips | Ice cream | Cereal | Cereal | A bowl of cereal | Popcorn,B
,,What is the scariest animal?,multiple_choice,Shark|Snake|Spider,,MC-ternary (strong),Shark|Snake|Spider,Shark | Snake | Shark | Spider | Shark | Shark | Snake,B
,,What is the most annoying sound?,multiple_choice,Nails on a chalkboard|Mosquito buzzing|Baby crying,,MC (suggested),Nails on a chalkboard|Mosquito buzzing|Baby crying,Nails on a chalkboard | Mosquito buzzing | Baby crying | Nails on a chalkboard | Alarm clock | Nails on a chalkboard | Mosquito buzzing,B
,,What is the best ice cream flavor?,multiple_choice,Vanilla|Chocolate|Strawberry|Cookies And Cream|Mint Chocolate Chip,,Open (no data),,,
x,,What is the best pizza topping?,multiple_choice,Pepperoni|Cheese|Sausage,,MC (suggested),Pepperoni|Cheese|Sausage,Pepperoni | Pepperoni | Cheese | Pepperoni | Sausage | Pepperoni | Mushrooms,B
,,What is the best breakfast food?,multiple_choice,Bacon|Pancakes|Eggs,,MC (suggested),Bacon|Pancakes|Eggs,Bacon | Pancakes | Eggs | Bacon | Pancakes | Bacon | French Toast,B
,,"If you won the lottery, what would you buy first?",open,,,SKIP (auto),,A new house | Pay off debt | A new house | A new house | Travel the world | A new house | A new house,A
x,,What is the best dessert?,open,,,Open (no data),,,C
x,,What is everyone's favorite comfort food?,open,,,SKIP (auto),,Mac and Cheese | Mac and Cheese | Pizza | Mac and Cheese | Mac and Cheese | Mac and Cheese | Ice Cream,A
,,Name a Disney movie everyone has seen,multiple_choice,The Lion King|Frozen|Toy Story|Aladdin|Finding Nemo,,MC (suggested),The Lion King|Frozen|Toy Story,The Lion King | Frozen | The Lion King | Toy Story | The Lion King | Frozen | Beauty and the Beast,B
x,,What is the best sandwich?,open,,,Open (no data),,,
,,What is the most annoying household chore?,multiple_choice,Cleaning the bathroom|Doing dishes|Laundry,,MC (suggested),Cleaning the bathroom|Doing dishes|Laundry,Cleaning the bathroom | Doing dishes | Laundry | Cleaning the bathroom | Doing dishes | Cleaning the bathroom | Vacuuming,B
,,"If you could eat one food forever, what would it be?",open,,,Open (no data),,,
,,Name a superhero everyone knows,open,,,SKIP (auto),,Spider-Man | Batman | Spider-Man | Superman | Spider-Man | Spider-Man | Wonder Woman,B
x,,What is everyone's go-to karaoke song?,multiple_choice,Don't Stop Believin'|Sweet Caroline|Livin' on a Prayer,,MC (suggested),Don't Stop Believin'|Sweet Caroline|Livin' on a Prayer,Don't Stop Believin' | Sweet Caroline | Don't Stop Believin' | Livin' on a Prayer | Don't Stop Believin' | Don't Stop Believin' | Bohemian Rhapsody,B
,,What is the best Thanksgiving side dish?,multiple_choice,Mashed Potatoes|Stuffing|Green Bean Casserole,,MC-ternary (strong),Mashed Potatoes|Stuffing|Green Bean Casserole,Mashed Potatoes | Stuffing | Mashed Potatoes | Green Bean Casserole | Mashed Potatoes | Stuffing | Mashed Potatoes,B
,,What is the best Halloween candy?,open,,,SKIP (auto),,Reese's Peanut Butter Cups | Snickers | Reese's | Kit Kat | Reese's Peanut Butter Cups | Reese's | M&M's,B
,,What is the most important invention ever?,open,,,SKIP (auto),,The Wheel | Electricity | The Printing Press | Electricity | The Internet | Electricity | The Wheel,B
,,What is the best thing about dogs?,multiple_choice,Loyalty | Companionship | Nothing. Dogs are overrated,,SKIP (auto),,Loyalty | Unconditional love | Companionship | Loyalty | Always happy to see you | Loyalty | Loyalty,B
x,,What is the best thing about cats?,open,,,SKIP (auto),,Their independence | Purring | They're cuddly | Their purrs | Their independence | They're low maintenance | Their independence,B
x,,What is the best emoji?,open,,,SKIP (auto),,😂 | 😂 | ❤️ | 👍 | 😂 | 😂 | ❤️,B
